aikido_issue_id,aikido_issue_group_id,type,status,severity,severity_score,original_cvss_severity_score,affected_package,affected_file,affected_domain,related_license,related_cve,related_cve_alias,rule,code_repo,code_repo_branch,cloud,cloud_resource,cloud_region,related_arn,container,virtual_machine,first_detected_at,closed_at,ignored_at,ignored_by,ignore_reason,snooze_reason,start_line,end_line,time_to_fix_minutes,sla_date,cwe_description,secret_liveness,installed_version,patched_version
270021042,29668955,open_source,open,critical,99,98,lodash,enygma_payments/contracts/enygma/package-lock.json,,,CVE-2026-4800,,,Enygma,main,,,,,,,2026-05-19,,,,,,,,30,,"Attacker can inject own code to run",,4.17.21,4.18.1
270021046,29668955,open_source,open,medium,54,53,lodash,enygma_payments/contracts/enygma/package-lock.json,,,CVE-2025-13465,,,Enygma,main,,,,,,,2026-05-19,,,,,,,,15,,"Abuse of JavaScript's prototype API possible (Prototype Pollution)",,4.17.21,4.17.23
270021057,29668955,open_source,open,medium,53,53,lodash,enygma_payments/contracts/enygma/package-lock.json,,,CVE-2026-2950,,,Enygma,main,,,,,,,2026-05-19,,,,,,,,30,,"Abuse of JavaScript's prototype API possible (Prototype Pollution)",,4.17.21,4.18.0
270021137,29668967,open_source,open,critical,98,98,undici,enygma_payments/contracts/enygma/package-lock.json,,,CVE-2026-1525,,,Enygma,main,,,,,,,2026-05-19,,,,,,,,60,,"HTTP request smuggling attack possible",,5.28.4,6.24.0
270021117,29668967,open_source,open,high,75,75,undici,enygma_payments/contracts/enygma/package-lock.json,,,CVE-2026-1526,,,Enygma,main,,,,,,,2026-05-19,,,,,,,,60,,,,5.28.4,6.24.0
270021121,29668967,open_source,open,high,75,75,undici,enygma_payments/contracts/enygma/package-lock.json,,,CVE-2026-2229,,,Enygma,main,,,,,,,2026-05-19,,,,,,,,60,,"Attacker can abuse an uncaught exception",,5.28.4,6.24.0
270021148,29668967,open_source,open,high,75,75,undici,enygma_payments/contracts/enygma/package-lock.json,,,CVE-2026-22036,,,Enygma,main,,,,,,,2026-05-19,,,,,,,,60,,"Attacker can trigger DOS-attack",,5.28.4,6.23.0
270021129,29668967,open_source,open,medium,68,68,undici,enygma_payments/contracts/enygma/package-lock.json,,,CVE-2025-22150,,,Enygma,main,,,,,,,2026-05-19,,,,,,,,15,,"Attacker can abuse lack of randomness in generated numbers",,5.28.4,5.28.5
270021198,29668967,open_source,open,medium,64,64,undici,enygma_payments/contracts/enygma/package-lock.json,,,AIKIDO-2024-10065,,,Enygma,main,,,,,,,2026-05-19,,,,,,,,60,,,,5.28.4,6.15.0
270021205,29668967,open_source,open,medium,64,64,undici,enygma_payments/contracts/enygma/package-lock.json,,,AIKIDO-2025-10024,CVE-2025-22150,,Enygma,main,,,,,,,2026-05-19,,,,,,,,15,,"Attacker can abuse lack of randomness in generated numbers",,5.28.4,5.28.5
270021146,29668967,open_source,open,medium,46,46,undici,enygma_payments/contracts/enygma/package-lock.json,,,CVE-2026-1527,,,Enygma,main,,,,,,,2026-05-19,,,,,,,,60,,"CRLF injection attack possible",,5.28.4,6.24.0
270021207,29668967,open_source,open,low,33,33,undici,enygma_payments/contracts/enygma/package-lock.json,,,AIKIDO-2026-10369,,,Enygma,main,,,,,,,2026-05-19,,,,,,,,60,,"Abuse of JavaScript's prototype API possible (Prototype Pollution)",,5.28.4,7.23.0
270021208,29668967,open_source,open,low,33,33,undici,enygma_payments/contracts/enygma/package-lock.json,,,AIKIDO-2026-10385,,,Enygma,main,,,,,,,2026-05-19,,,,,,,,60,,"Abuse of JavaScript's prototype API possible (Prototype Pollution)",,5.28.4,7.24.1
270021151,29668967,open_source,open,low,31,31,undici,enygma_payments/contracts/enygma/package-lock.json,,,CVE-2025-47279,,,Enygma,main,,,,,,,2026-05-19,,,,,,,,30,,"DoS possible due to memory leak",,5.28.4,5.29.0
270021164,29668978,open_source,open,critical,98,98,github.com/btcsuite/btcd,enygma_payments/go_client/go.mod,,,CVE-2022-44797,,,Enygma,main,,,,,,,2026-05-19,,,,,,,,30,,,,v0.22.1,0.23.2
270021166,29668978,open_source,open,high,81,81,github.com/btcsuite/btcd,enygma_payments/go_client/go.mod,,,CVE-2024-38365,,,Enygma,main,,,,,,,2026-05-19,,,,,,,,30,,"Attacker can abuse incorrect control flow implementation",,v0.22.1,0.24.2-beta.rc1
270021167,29668978,open_source,open,medium,50,50,github.com/btcsuite/btcd,enygma_payments/go_client/go.mod,,,CVE-2024-34478,,,Enygma,main,,,,,,,2026-05-19,,,,,,,,30,,"Attacker can abuse interpretation conflict between services",,v0.22.1,0.24.0
270021348,29668992,open_source,open,critical,98,98,pysha3,enygma_payments/run_scripts/requirements.txt,,,CVE-2022-37454,,,Enygma,main,,,,,,,2026-05-19,,,,,,,,0,,"Integer overflow can lead to further weaknesses",,1.0.2,
270021075,29668960,eol,open,critical,95,95,go,/enygma_payments/go_client/go.mod,,,,,,Enygma,main,,,,,,,2026-05-19,,,,,,,,300,,,,1.21.6,1.25
270021077,29668960,eol,open,critical,95,95,go,/enygma_dvp/gnark_circuits/go.mod,,,,,,Enygma,main,,,,,,,2026-05-19,,,,,,,,300,,,,1.22.0,1.25
270021078,29668960,eol,open,critical,95,95,go,/enygma_payments/gnark-server/go.mod,,,,,,Enygma,main,,,,,,,2026-05-19,,,,,,,,300,,,,1.22.0,1.25
270021079,29668960,eol,open,critical,95,95,go,/enygma_retail_payments/gnark_circuits/go.mod,,,,,,Enygma,main,,,,,,,2026-05-19,,,,,,,,300,,,,1.22.0,1.25
270021081,29668960,eol,open,high,89,89,go,/enygma_dvp/scripts/go.mod,,,,,,Enygma,main,,,,,,,2026-05-19,,,,,,,,300,,,,1.24.0,1.25
270021082,29668960,eol,open,high,89,89,go,/enygma_dvp/src/go.mod,,,,,,Enygma,main,,,,,,,2026-05-19,,,,,,,,300,,,,1.24.0,1.25
270021083,29668960,eol,open,high,89,89,go,/enygma_dvp/test/go.mod,,,,,,Enygma,main,,,,,,,2026-05-19,,,,,,,,300,,,,1.24.0,1.25
270021084,29668960,eol,open,high,89,89,go,/enygma_retail_payments/scripts/go.mod,,,,,,Enygma,main,,,,,,,2026-05-19,,,,,,,,300,,,,1.24.0,1.25
270021085,29668960,eol,open,high,89,89,go,/enygma_retail_payments/src/go.mod,,,,,,Enygma,main,,,,,,,2026-05-19,,,,,,,,300,,,,1.24.0,1.25
270021086,29668960,eol,open,high,89,89,go,/enygma_retail_payments/test/go.mod,,,,,,Enygma,main,,,,,,,2026-05-19,,,,,,,,300,,,,1.24.0,1.25
270021312,29668985,sast,open,critical,94,89,,enygma_payments/go_client/utils/utils.go,,,,,"HTTP request might enable SSRF attack",Enygma,main,,,,,,,2026-05-19,,,,,,83,83,60,,"Potential server-side request forgery (SSRF)",,,
270020988,26535058,open_source,open,critical,92,91,elliptic,enygma_payments/contracts/enygma/package-lock.json,,,CVE-2024-42461,,,Enygma,main,,,,,,,2026-05-19,,,,,,,,15,,"Attacker can forge cryptographic signature",,6.5.4,6.5.7
270021006,26535058,open_source,open,critical,91,91,elliptic,enygma_payments/contracts/enygma/package-lock.json,,,CVE-2024-48949,,,Enygma,main,,,,,,,2026-05-19,,,,,,,,15,,"Attacker can forge cryptographic signature",,6.5.4,6.5.6
270020954,26535058,open_source,open,critical,90,90,elliptic,enygma_payments/contracts/enygma/package-lock.json,,,GHSA-vjh7-7g9h-fjfh,,,Enygma,main,,,,,,,2026-05-19,,,,,,,,30,,"Accidental exposure of sensitive info possible",,6.5.7,6.6.1
270020799,26535058,open_source,open,medium,56,56,elliptic,enygma_dvp/package-lock.json,,,CVE-2025-14505,,,Enygma,main,,,,,,,2026-05-19,,,,,,,,0,,,,6.6.1,
270021018,26535058,open_source,open,medium,56,56,elliptic,enygma_payments/contracts/enygma/package-lock.json,,,CVE-2025-14505,,,Enygma,main,,,,,,,2026-05-19,,,,,,,,0,,,,6.5.7,
270020963,26535058,open_source,open,medium,53,53,elliptic,enygma_payments/contracts/enygma/package-lock.json,,,CVE-2024-42459,,,Enygma,main,,,,,,,2026-05-19,,,,,,,,15,,"Attacker can forge cryptographic signature",,6.5.4,6.5.7
270020976,26535058,open_source,open,medium,53,53,elliptic,enygma_payments/contracts/enygma/package-lock.json,,,CVE-2024-42460,,,Enygma,main,,,,,,,2026-05-19,,,,,,,,15,,"Attacker can abuse parameter length inconsistencies",,6.5.4,6.5.7
270020998,26535058,open_source,open,medium,48,48,elliptic,enygma_payments/contracts/enygma/package-lock.json,,,CVE-2024-48948,,,Enygma,main,,,,,,,2026-05-19,,,,,,,,30,,"Attacker can forge cryptographic signature",,6.5.7,6.6.0
270021177,29668890,open_source,open,critical,92,91,golang.org/x/crypto,enygma_payments/go_client/go.mod,,,CVE-2024-45337,,,Enygma,main,,,,,,,2026-05-19,,,,,,,,30,,,,v0.22.0,0.31.0
270020770,29668890,open_source,open,high,75,75,golang.org/x/crypto,enygma_dvp/gnark_circuits/go.mod,,,CVE-2025-22869,,,Enygma,main,,,,,,,2026-05-19,,,,,,,,30,,"Attacker can trigger DOS-attack",,v0.32.0,0.35.0
270021157,29668890,open_source,open,high,75,75,golang.org/x/crypto,enygma_payments/gnark-server/go.mod,,,CVE-2025-22869,,,Enygma,main,,,,,,,2026-05-19,,,,,,,,30,,"Attacker can trigger DOS-attack",,v0.33.0,0.35.0
270021178,29668890,open_source,open,high,75,75,golang.org/x/crypto,enygma_payments/go_client/go.mod,,,CVE-2025-22869,,,Enygma,main,,,,,,,2026-05-19,,,,,,,,30,,"Attacker can trigger DOS-attack",,v0.22.0,0.35.0
270021405,29668890,open_source,open,high,75,75,golang.org/x/crypto,enygma_retail_payments/gnark_circuits/go.mod,,,CVE-2025-22869,,,Enygma,main,,,,,,,2026-05-19,,,,,,,,30,,"Attacker can trigger DOS-attack",,v0.32.0,0.35.0
270020772,29668890,open_source,open,medium,53,53,golang.org/x/crypto,enygma_dvp/gnark_circuits/go.mod,,,CVE-2025-47914,,,Enygma,main,,,,,,,2026-05-19,,,,,,,,30,,"Out-of-bounds read can expose sensitive info",,v0.32.0,0.45.0
270020774,29668890,open_source,open,medium,53,53,golang.org/x/crypto,enygma_dvp/gnark_circuits/go.mod,,,CVE-2025-58181,,,Enygma,main,,,,,,,2026-05-19,,,,,,,,30,,"Attacker can trigger DOS-attack",,v0.32.0,0.45.0
270020835,29668890,open_source,open,medium,53,53,golang.org/x/crypto,enygma_dvp/scripts/go.mod,,,CVE-2025-47914,,,Enygma,main,,,,,,,2026-05-19,,,,,,,,30,,"Out-of-bounds read can expose sensitive info",,v0.36.0,0.45.0
270020837,29668890,open_source,open,medium,53,53,golang.org/x/crypto,enygma_dvp/scripts/go.mod,,,CVE-2025-58181,,,Enygma,main,,,,,,,2026-05-19,,,,,,,,30,,"Attacker can trigger DOS-attack",,v0.36.0,0.45.0
270020845,29668890,open_source,open,medium,53,53,golang.org/x/crypto,enygma_dvp/src/go.mod,,,CVE-2025-47914,,,Enygma,main,,,,,,,2026-05-19,,,,,,,,30,,"Out-of-bounds read can expose sensitive info",,v0.36.0,0.45.0
270020847,29668890,open_source,open,medium,53,53,golang.org/x/crypto,enygma_dvp/src/go.mod,,,CVE-2025-58181,,,Enygma,main,,,,,,,2026-05-19,,,,,,,,30,,"Attacker can trigger DOS-attack",,v0.36.0,0.45.0
270020856,29668890,open_source,open,medium,53,53,golang.org/x/crypto,enygma_dvp/test/go.mod,,,CVE-2025-47914,,,Enygma,main,,,,,,,2026-05-19,,,,,,,,30,,"Out-of-bounds read can expose sensitive info",,v0.36.0,0.45.0
270020857,29668890,open_source,open,medium,53,53,golang.org/x/crypto,enygma_dvp/test/go.mod,,,CVE-2025-58181,,,Enygma,main,,,,,,,2026-05-19,,,,,,,,30,,"Attacker can trigger DOS-attack",,v0.36.0,0.45.0
270021158,29668890,open_source,open,medium,53,53,golang.org/x/crypto,enygma_payments/gnark-server/go.mod,,,CVE-2025-47914,,,Enygma,main,,,,,,,2026-05-19,,,,,,,,30,,"Out-of-bounds read can expose sensitive info",,v0.33.0,0.45.0
270021160,29668890,open_source,open,medium,53,53,golang.org/x/crypto,enygma_payments/gnark-server/go.mod,,,CVE-2025-58181,,,Enygma,main,,,,,,,2026-05-19,,,,,,,,30,,"Attacker can trigger DOS-attack",,v0.33.0,0.45.0
270021180,29668890,open_source,open,medium,53,53,golang.org/x/crypto,enygma_payments/go_client/go.mod,,,CVE-2025-47914,,,Enygma,main,,,,,,,2026-05-19,,,,,,,,30,,"Out-of-bounds read can expose sensitive info",,v0.22.0,0.45.0
270021182,29668890,open_source,open,medium,53,53,golang.org/x/crypto,enygma_payments/go_client/go.mod,,,CVE-2025-58181,,,Enygma,main,,,,,,,2026-05-19,,,,,,,,30,,"Attacker can trigger DOS-attack",,v0.22.0,0.45.0
270021407,29668890,open_source,open,medium,53,53,golang.org/x/crypto,enygma_retail_payments/gnark_circuits/go.mod,,,CVE-2025-47914,,,Enygma,main,,,,,,,2026-05-19,,,,,,,,30,,"Out-of-bounds read can expose sensitive info",,v0.32.0,0.45.0
270021408,29668890,open_source,open,medium,53,53,golang.org/x/crypto,enygma_retail_payments/gnark_circuits/go.mod,,,CVE-2025-58181,,,Enygma,main,,,,,,,2026-05-19,,,,,,,,30,,"Attacker can trigger DOS-attack",,v0.32.0,0.45.0
270021415,29668890,open_source,open,medium,53,53,golang.org/x/crypto,enygma_retail_payments/scripts/go.mod,,,CVE-2025-47914,,,Enygma,main,,,,,,,2026-05-19,,,,,,,,30,,"Out-of-bounds read can expose sensitive info",,v0.36.0,0.45.0
270021416,29668890,open_source,open,medium,53,53,golang.org/x/crypto,enygma_retail_payments/scripts/go.mod,,,CVE-2025-58181,,,Enygma,main,,,,,,,2026-05-19,,,,,,,,30,,"Attacker can trigger DOS-attack",,v0.36.0,0.45.0
270021417,29668890,open_source,open,medium,53,53,golang.org/x/crypto,enygma_retail_payments/src/go.mod,,,CVE-2025-47914,,,Enygma,main,,,,,,,2026-05-19,,,,,,,,30,,"Out-of-bounds read can expose sensitive info",,v0.36.0,0.45.0
270021418,29668890,open_source,open,medium,53,53,golang.org/x/crypto,enygma_retail_payments/src/go.mod,,,CVE-2025-58181,,,Enygma,main,,,,,,,2026-05-19,,,,,,,,30,,"Attacker can trigger DOS-attack",,v0.36.0,0.45.0
270021423,29668890,open_source,open,medium,53,53,golang.org/x/crypto,enygma_retail_payments/test/go.mod,,,CVE-2025-47914,,,Enygma,main,,,,,,,2026-05-19,,,,,,,,30,,"Out-of-bounds read can expose sensitive info",,v0.36.0,0.45.0
270021425,29668890,open_source,open,medium,53,53,golang.org/x/crypto,enygma_retail_payments/test/go.mod,,,CVE-2025-58181,,,Enygma,main,,,,,,,2026-05-19,,,,,,,,30,,"Attacker can trigger DOS-attack",,v0.36.0,0.45.0
270020762,29668885,open_source,open,critical,91,91,github.com/consensys/gnark,enygma_dvp/gnark_circuits/go.mod,,,CVE-2025-57801,,,Enygma,main,,,,,,,2026-05-19,,,,,,,,30,,"Attacker can forge cryptographic signature",,v0.12.0,0.14.0
270021152,29668885,open_source,open,critical,91,91,github.com/consensys/gnark,enygma_payments/gnark-server/go.mod,,,CVE-2025-57801,,,Enygma,main,,,,,,,2026-05-19,,,,,,,,30,,"Attacker can forge cryptographic signature",,v0.12.0,0.14.0
270021402,29668885,open_source,open,critical,91,91,github.com/consensys/gnark,enygma_retail_payments/gnark_circuits/go.mod,,,CVE-2025-57801,,,Enygma,main,,,,,,,2026-05-19,,,,,,,,30,,"Attacker can forge cryptographic signature",,v0.12.0,0.14.0
270020764,29668885,open_source,open,low,38,75,github.com/consensys/gnark,enygma_dvp/gnark_circuits/go.mod,,,CVE-2025-58157,,,Enygma,main,,,,,,,2026-05-19,,,,,,,,30,,"Attacker can trigger DOS-attack",,v0.12.0,0.13.0
270021155,29668885,open_source,open,low,38,75,github.com/consensys/gnark,enygma_payments/gnark-server/go.mod,,,CVE-2025-58157,,,Enygma,main,,,,,,,2026-05-19,,,,,,,,30,,"Attacker can trigger DOS-attack",,v0.12.0,0.13.0
270021403,29668885,open_source,open,low,38,75,github.com/consensys/gnark,enygma_retail_payments/gnark_circuits/go.mod,,,CVE-2025-58157,,,Enygma,main,,,,,,,2026-05-19,,,,,,,,30,,"Attacker can trigger DOS-attack",,v0.12.0,0.13.0
270020914,29668930,open_source,open,critical,91,91,cipher-base,enygma_payments/contracts/enygma/package-lock.json,,,CVE-2025-9287,,,Enygma,main,,,,,,,2026-05-19,,,,,,,,15,,"Attacker can abuse missing input validation",,1.0.4,1.0.5
270021076,29668961,open_source,open,critical,91,91,pbkdf2,enygma_payments/contracts/enygma/package-lock.json,,,CVE-2025-6545,,,Enygma,main,,,,,,,2026-05-19,,,,,,,,15,,"Attacker can abuse missing input validation",,3.1.2,3.1.3
270021087,29668961,open_source,open,critical,91,91,pbkdf2,enygma_payments/contracts/enygma/package-lock.json,,,CVE-2025-6547,,,Enygma,main,,,,,,,2026-05-19,,,,,,,,15,,"Attacker can abuse missing input validation",,3.1.2,3.1.3
270021111,29668964,open_source,open,critical,91,91,sha.js,enygma_payments/contracts/enygma/package-lock.json,,,CVE-2025-9288,,,Enygma,main,,,,,,,2026-05-19,,,,,,,,15,,"Attacker can abuse missing input validation",,2.4.11,2.4.12
270021044,29668956,open_source,open,high,88,88,github.com/bytedance/sonic,enygma_dvp/gnark_circuits/go.mod,,,AIKIDO-2026-10714,,,Enygma,main,,,,,,,2026-05-19,,,,,,,,30,,"Attacker can abuse lack of operation restrictions in memory",,v1.11.6,1.15.1
270021045,29668956,open_source,open,high,88,88,github.com/bytedance/sonic,enygma_payments/gnark-server/go.mod,,,AIKIDO-2026-10714,,,Enygma,main,,,,,,,2026-05-19,,,,,,,,30,,"Attacker can abuse lack of operation restrictions in memory",,v1.11.6,1.15.1
270021047,29668956,open_source,open,high,88,88,github.com/bytedance/sonic,enygma_retail_payments/gnark_circuits/go.mod,,,AIKIDO-2026-10714,,,Enygma,main,,,,,,,2026-05-19,,,,,,,,30,,"Attacker can abuse lack of operation restrictions in memory",,v1.11.6,1.15.1
270020859,29668923,open_source,open,high,87,87,base-x,enygma_payments/contracts/enygma/package-lock.json,,,CVE-2025-27611,,,Enygma,main,,,,,,,2026-05-19,,,,,,,,15,,"Package does not protect against homograph attacks",,3.0.10,3.0.11
270021122,29668968,open_source,open,high,81,81,matplotlib,enygma_payments/run_scripts/requirements.txt,,,AIKIDO-2026-10536,,,Enygma,main,,,,,,,2026-05-19,,,,,,,,15,,"Attacker can inject own code to run",,3.10.8,3.10.9
270020888,29668927,open_source,open,high,80,80,adm-zip,enygma_payments/contracts/enygma/package-lock.json,,,AIKIDO-2024-10562,,,Enygma,main,,,,,,,2026-05-19,,,,,,,,30,,"Path traversal attack possible",,0.4.16,0.5.2
270021283,29668984,sast,open,high,80,70,,enygma_dvp/gnark_circuits/scripts/utils.go,,,,,"Potential file inclusion attack via reading file",Enygma,main,,,,,,,2026-05-19,,,,,,10,10,60,,"Attacker can abuse missing input validation",,,
270021303,29668984,sast,open,high,80,70,,enygma_dvp/src/web3/web3.go,,,,,"Potential file inclusion attack via reading file",Enygma,main,,,,,,,2026-05-19,,,,,,180,180,60,,"Attacker can abuse missing input validation",,,
270021284,29668984,sast,open,high,75,70,,enygma_dvp/gnark_circuits/scripts/utils.go,,,,,"Potential file inclusion attack via reading file",Enygma,main,,,,,,,2026-05-19,,,,,,20,20,60,,"Attacker can abuse missing input validation",,,
270021286,29668984,sast,open,high,75,70,,enygma_dvp/gnark_circuits/server/utils/merkle_status.go,,,,,"Potential file inclusion attack via reading file",Enygma,main,,,,,,,2026-05-19,,,,,,408,408,60,,"Attacker can abuse missing input validation",,,
270021287,29668984,sast,open,high,75,70,,enygma_dvp/gnark_circuits/utils/utils.go,,,,,"Potential file inclusion attack via reading file",Enygma,main,,,,,,,2026-05-19,,,,,,13,13,60,,"Attacker can abuse missing input validation",,,
270021288,29668984,sast,open,high,75,70,,enygma_dvp/gnark_circuits/utils/utils.go,,,,,"Potential file inclusion attack via reading file",Enygma,main,,,,,,,2026-05-19,,,,,,26,26,60,,"Attacker can abuse missing input validation",,,
270021302,29668984,sast,open,high,75,70,,enygma_dvp/src/core/merkle.go,,,,,"Potential file inclusion attack via reading file",Enygma,main,,,,,,,2026-05-19,,,,,,97,97,60,,"Attacker can abuse missing input validation",,,
270021306,29668984,sast,open,high,75,70,,enygma_payments/gnark-server/utils/utils.go,,,,,"Potential file inclusion attack via reading file",Enygma,main,,,,,,,2026-05-19,,,,,,76,76,60,,"Attacker can abuse missing input validation",,,
270021327,29668984,sast,open,high,75,70,,enygma_retail_payments/gnark_circuits/utils/utils.go,,,,,"Potential file inclusion attack via reading file",Enygma,main,,,,,,,2026-05-19,,,,,,24,24,60,,"Attacker can abuse missing input validation",,,
270021289,29668984,sast,open,low,30,70,,enygma_dvp/scripts/deploy.go,,,,,"Potential file inclusion attack via reading file",Enygma,main,,,,,,,2026-05-19,,,,,,335,335,60,,"Attacker can abuse missing input validation",,,
270021305,29668984,sast,open,low,30,70,,enygma_payments/gnark-server/utils/utils.go,,,,,"Potential file inclusion attack via reading file",Enygma,main,,,,,,,2026-05-19,,,,,,63,63,60,,"Attacker can abuse missing input validation",,,
270021325,29668987,open_source,open,high,78,78,pillow,enygma_payments/run_scripts/requirements.txt,,,CVE-2026-42311,,,Enygma,main,,,,,,,2026-05-19,,,,,,,,30,,"Integer overflow can lead to further weaknesses",,12.0.0,12.2.0
270021300,29668987,open_source,open,high,75,75,pillow,enygma_payments/run_scripts/requirements.txt,,,CVE-2026-25990,,,Enygma,main,,,,,,,2026-05-19,,,,,,,,30,,"Attacker can trigger memory corruption leading to crash or RCE",,12.0.0,12.1.1
270021311,29668987,open_source,open,high,75,75,pillow,enygma_payments/run_scripts/requirements.txt,,,CVE-2026-40192,,,Enygma,main,,,,,,,2026-05-19,,,,,,,,30,,"Attacker can trigger DOS-attack",,12.0.0,12.2.0
270021332,29668987,open_source,open,medium,55,55,pillow,enygma_payments/run_scripts/requirements.txt,,,CVE-2026-42308,,,Enygma,main,,,,,,,2026-05-19,,,,,,,,30,,"Integer overflow can lead to further weaknesses",,12.0.0,12.2.0
270021336,29668987,open_source,open,medium,55,55,pillow,enygma_payments/run_scripts/requirements.txt,,,CVE-2026-42309,,,Enygma,main,,,,,,,2026-05-19,,,,,,,,30,,"DoS or RCE possible due to heap-based buffer overflow",,12.0.0,12.2.0
270021338,29668987,open_source,open,medium,55,55,pillow,enygma_payments/run_scripts/requirements.txt,,,CVE-2026-42310,,,Enygma,main,,,,,,,2026-05-19,,,,,,,,30,,"Attacker can trigger DOS via infinite loop",,12.0.0,12.2.0
270021169,29668917,open_source,open,high,76,75,github.com/ethereum/go-ethereum,enygma_payments/go_client/go.mod,,,CVE-2026-22862,,,Enygma,main,,,,,,,2026-05-19,,,,,,,,30,,"Attacker can abuse missing input validation",,v1.14.5,1.16.8
270020830,29668917,open_source,open,high,75,75,github.com/ethereum/go-ethereum,enygma_dvp/scripts/go.mod,,,CVE-2026-26314,,,Enygma,main,,,,,,,2026-05-19,,,,,,,,15,,"Attacker can abuse missing input validation",,v1.16.8,1.16.9
270020832,29668917,open_source,open,high,75,75,github.com/ethereum/go-ethereum,enygma_dvp/scripts/go.mod,,,CVE-2026-26313,,,Enygma,main,,,,,,,2026-05-19,,,,,,,,30,,"Attacker can trigger DOS-attack",,v1.16.8,1.17.0
270020833,29668917,open_source,open,high,75,75,github.com/ethereum/go-ethereum,enygma_dvp/scripts/go.mod,,,CVE-2026-26315,,,Enygma,main,,,,,,,2026-05-19,,,,,,,,15,,"Attacker can abuse observable discrepancy",,v1.16.8,1.16.9
270020840,29668917,open_source,open,high,75,75,github.com/ethereum/go-ethereum,enygma_dvp/src/go.mod,,,CVE-2026-26314,,,Enygma,main,,,,,,,2026-05-19,,,,,,,,15,,"Attacker can abuse missing input validation",,v1.16.8,1.16.9
270020842,29668917,open_source,open,high,75,75,github.com/ethereum/go-ethereum,enygma_dvp/src/go.mod,,,CVE-2026-26313,,,Enygma,main,,,,,,,2026-05-19,,,,,,,,30,,"Attacker can trigger DOS-attack",,v1.16.8,1.17.0
270020843,29668917,open_source,open,high,75,75,github.com/ethereum/go-ethereum,enygma_dvp/src/go.mod,,,CVE-2026-26315,,,Enygma,main,,,,,,,2026-05-19,,,,,,,,15,,"Attacker can abuse observable discrepancy",,v1.16.8,1.16.9
270020850,29668917,open_source,open,high,75,75,github.com/ethereum/go-ethereum,enygma_dvp/test/go.mod,,,CVE-2026-26314,,,Enygma,main,,,,,,,2026-05-19,,,,,,,,15,,"Attacker can abuse missing input validation",,v1.16.8,1.16.9
270020852,29668917,open_source,open,high,75,75,github.com/ethereum/go-ethereum,enygma_dvp/test/go.mod,,,CVE-2026-26313,,,Enygma,main,,,,,,,2026-05-19,,,,,,,,30,,"Attacker can trigger DOS-attack",,v1.16.8,1.17.0
270020854,29668917,open_source,open,high,75,75,github.com/ethereum/go-ethereum,enygma_dvp/test/go.mod,,,CVE-2026-26315,,,Enygma,main,,,,,,,2026-05-19,,,,,,,,15,,"Attacker can abuse observable discrepancy",,v1.16.8,1.16.9
270021170,29668917,open_source,open,high,75,75,github.com/ethereum/go-ethereum,enygma_payments/go_client/go.mod,,,CVE-2026-22868,,,Enygma,main,,,,,,,2026-05-19,,,,,,,,30,,"Attacker can abuse missing input validation",,v1.14.5,1.16.8
270021171,29668917,open_source,open,high,75,75,github.com/ethereum/go-ethereum,enygma_payments/go_client/go.mod,,,CVE-2026-26314,,,Enygma,main,,,,,,,2026-05-19,,,,,,,,30,,"Attacker can abuse missing input validation",,v1.14.5,1.16.9
270021174,29668917,open_source,open,high,75,75,github.com/ethereum/go-ethereum,enygma_payments/go_client/go.mod,,,CVE-2026-26313,,,Enygma,main,,,,,,,2026-05-19,,,,,,,,30,,"Attacker can trigger DOS-attack",,v1.14.5,1.17.0
270021175,29668917,open_source,open,high,75,75,github.com/ethereum/go-ethereum,enygma_payments/go_client/go.mod,,,CVE-2026-26315,,,Enygma,main,,,,,,,2026-05-19,,,,,,,,30,,"Attacker can abuse observable discrepancy",,v1.14.5,1.16.9
270021412,29668917,open_source,open,high,75,75,github.com/ethereum/go-ethereum,enygma_retail_payments/scripts/go.mod,,,CVE-2026-26314,,,Enygma,main,,,,,,,2026-05-19,,,,,,,,15,,"Attacker can abuse missing input validation",,v1.16.8,1.16.9
270021413,29668917,open_source,open,high,75,75,github.com/ethereum/go-ethereum,enygma_retail_payments/scripts/go.mod,,,CVE-2026-26313,,,Enygma,main,,,,,,,2026-05-19,,,,,,,,30,,"Attacker can trigger DOS-attack",,v1.16.8,1.17.0
270021414,29668917,open_source,open,high,75,75,github.com/ethereum/go-ethereum,enygma_retail_payments/scripts/go.mod,,,CVE-2026-26315,,,Enygma,main,,,,,,,2026-05-19,,,,,,,,15,,"Attacker can abuse observable discrepancy",,v1.16.8,1.16.9
270021420,29668917,open_source,open,high,75,75,github.com/ethereum/go-ethereum,enygma_retail_payments/test/go.mod,,,CVE-2026-26314,,,Enygma,main,,,,,,,2026-05-19,,,,,,,,15,,"Attacker can abuse missing input validation",,v1.16.8,1.16.9
270021421,29668917,open_source,open,high,75,75,github.com/ethereum/go-ethereum,enygma_retail_payments/test/go.mod,,,CVE-2026-26313,,,Enygma,main,,,,,,,2026-05-19,,,,,,,,30,,"Attacker can trigger DOS-attack",,v1.16.8,1.17.0
270021422,29668917,open_source,open,high,75,75,github.com/ethereum/go-ethereum,enygma_retail_payments/test/go.mod,,,CVE-2026-26315,,,Enygma,main,,,,,,,2026-05-19,,,,,,,,15,,"Attacker can abuse observable discrepancy",,v1.16.8,1.16.9
270021172,29668917,open_source,open,medium,66,66,github.com/ethereum/go-ethereum,enygma_payments/go_client/go.mod,,,CVE-2025-24883,,,Enygma,main,,,,,,,2026-05-19,,,,,,,,15,,"Attacker can abuse an uncaught exception",,v1.14.5,1.14.13
270021064,29668917,open_source,open,low,24,48,github.com/ethereum/go-ethereum,enygma_payments/go_client/go.mod,,,AIKIDO-2025-10606,,,Enygma,main,,,,,,,2026-05-19,,,,,,,,30,,"Attacker can trigger DOS-attack",,v1.14.5,1.16.3
270021360,29668996,open_source,open,high,75,75,urllib3,enygma_payments/run_scripts/requirements.txt,,,CVE-2025-66471,,,Enygma,main,,,,,,,2026-05-19,,,,,,,,30,,,,2.4.0,2.6.0
270021364,29668996,open_source,open,high,75,75,urllib3,enygma_payments/run_scripts/requirements.txt,,,CVE-2026-21441,,,Enygma,main,,,,,,,2026-05-19,,,,,,,,30,,,,2.4.0,2.6.3
270021367,29668996,open_source,open,medium,53,53,urllib3,enygma_payments/run_scripts/requirements.txt,,,CVE-2026-44431,,,Enygma,main,,,,,,,2026-05-19,,,,,,,,30,,"Accidental exposure of sensitive info possible",,2.4.0,2.7.0
270021032,29668951,open_source,open,medium,69,69,follow-redirects,enygma_payments/contracts/enygma/package-lock.json,,,GHSA-r4q5-vmmm-2653,,,Enygma,main,,,,,,,2026-05-19,,,,,,,,30,,"Accidental exposure of sensitive info possible",,1.15.9,1.16.0
270021351,29668993,open_source,open,medium,68,68,pytest,enygma_payments/run_scripts/requirements.txt,,,CVE-2025-71176,,,Enygma,main,,,,,,,2026-05-19,,,,,,,,60,,,,6.2.5,9.0.3
270021394,29669002,leaked_secret,open,medium,60,80,,enygma_payments/go_client/contracts/utils/burn.go,,,,,generic-api-key-sensitive,Enygma,main,,,,,,,2026-05-19,,,,,,41,41,60,,,unknown,,
270021395,29669002,leaked_secret,open,medium,60,80,,enygma_payments/go_client/contracts/utils/registerAccount.go,,,,,generic-api-key-sensitive,Enygma,main,,,,,,,2026-05-19,,,,,,41,41,60,,,unknown,,
270021396,29669003,leaked_secret,open,medium,60,80,,enygma_payments/go_client/main.go,,,,,generic-api-key,Enygma,main,,,,,,,2026-05-19,,,,,,68,68,60,,,unknown,,
270021397,29669004,leaked_secret,open,medium,60,80,,enygma_payments/go_client/utils/utils.go,,,,,generic-api-key-sensitive,Enygma,main,,,,,,,2026-05-19,,,,,,32,32,60,,,unknown,,
270020812,29668907,open_source,open,medium,55,55,@fastify/busboy,enygma_payments/contracts/enygma/package-lock.json,,,AIKIDO-2025-10564,,,Enygma,main,,,,,,,2026-05-19,,,,,,,,60,,"Attacker can abuse missing input validation",,2.1.1,3.2.0
270021315,29668988,sast,open,medium,55,50,,enygma_payments/run_scripts/src/py/helpers/json_helpers.py,,,,,"Potential file inclusion attack via reading file",Enygma,main,,,,,,,2026-05-19,,,,,,13,13,60,,"Path traversal attack possible",,,
270021319,29668988,sast,open,medium,55,50,,enygma_payments/run_scripts/src/py/helpers/string_helpers.py,,,,,"Potential file inclusion attack via reading file",Enygma,main,,,,,,,2026-05-19,,,,,,8,8,60,,"Path traversal attack possible",,,
270021322,29668988,sast,open,medium,55,50,,enygma_payments/run_scripts/src/py/web3.py,,,,,"Potential file inclusion attack via reading file",Enygma,main,,,,,,,2026-05-19,,,,,,138,138,60,,"Path traversal attack possible",,,
270021314,29668988,sast,open,medium,50,50,,enygma_payments/run_scripts/src/py/helpers/json_helpers.py,,,,,"Potential file inclusion attack via reading file",Enygma,main,,,,,,,2026-05-19,,,,,,5,5,60,,"Path traversal attack possible",,,
270021318,29668988,sast,open,medium,50,50,,enygma_payments/run_scripts/src/py/helpers/json_helpers.py,,,,,"Potential file inclusion attack via reading file",Enygma,main,,,,,,,2026-05-19,,,,,,39,39,60,,"Path traversal attack possible",,,
270021321,29668988,sast,open,low,25,50,,enygma_payments/run_scripts/src/py/web3.py,,,,,"Potential file inclusion attack via reading file",Enygma,main,,,,,,,2026-05-19,,,,,,78,78,60,,"Path traversal attack possible",,,
270020780,29668894,open_source,open,medium,53,53,golang.org/x/net,enygma_dvp/gnark_circuits/go.mod,,,CVE-2025-22872,,,Enygma,main,,,,,,,2026-05-19,,,,,,,,30,,,,v0.25.0,0.38.0
270021162,29668894,open_source,open,medium,53,53,golang.org/x/net,enygma_payments/gnark-server/go.mod,,,CVE-2025-22872,,,Enygma,main,,,,,,,2026-05-19,,,,,,,,30,,,,v0.25.0,0.38.0
270021410,29668894,open_source,open,medium,53,53,golang.org/x/net,enygma_retail_payments/gnark_circuits/go.mod,,,CVE-2025-22872,,,Enygma,main,,,,,,,2026-05-19,,,,,,,,30,,,,v0.25.0,0.38.0
270020777,29668894,open_source,open,medium,45,44,golang.org/x/net,enygma_dvp/gnark_circuits/go.mod,,,CVE-2025-22870,,,Enygma,main,,,,,,,2026-05-19,,,,,,,,30,,,,v0.25.0,0.36.0
270021161,29668894,open_source,open,medium,45,44,golang.org/x/net,enygma_payments/gnark-server/go.mod,,,CVE-2025-22870,,,Enygma,main,,,,,,,2026-05-19,,,,,,,,30,,,,v0.25.0,0.36.0
270021409,29668894,open_source,open,medium,45,44,golang.org/x/net,enygma_retail_payments/gnark_circuits/go.mod,,,CVE-2025-22870,,,Enygma,main,,,,,,,2026-05-19,,,,,,,,30,,,,v0.25.0,0.36.0
270020783,29668896,open_source,open,medium,53,53,bn.js,enygma_dvp/package-lock.json,,,CVE-2026-2739,,,Enygma,main,,,,,,,2026-05-19,,,,,,,,15,,"Attacker can trigger DOS via infinite loop",,5.2.2,5.2.3
270020872,29668896,open_source,open,medium,53,53,bn.js,enygma_payments/contracts/enygma/package-lock.json,,,CVE-2026-2739,,,Enygma,main,,,,,,,2026-05-19,,,,,,,,15,,"Attacker can trigger DOS via infinite loop",,5.2.1,5.2.3
270021113,29668965,open_source,open,medium,53,53,tmp,enygma_payments/contracts/enygma/package-lock.json,,,CVE-2025-54798,,,Enygma,main,,,,,,,2026-05-19,,,,,,,,30,,,,0.0.33,0.2.4
270021253,29668979,open_source,open,medium,53,53,aiohttp,enygma_payments/run_scripts/requirements.txt,,,CVE-2025-69230,,,Enygma,main,,,,,,,2026-05-19,,,,,,,,30,,,,3.11.18,3.13.3
270021272,29668979,open_source,open,medium,53,53,aiohttp,enygma_payments/run_scripts/requirements.txt,,,CVE-2026-34518,,,Enygma,main,,,,,,,2026-05-19,,,,,,,,30,,"Accidental exposure of sensitive info possible",,3.11.18,3.13.4
270020815,29616938,open_source,open,medium,44,44,ws,enygma_dvp/package-lock.json,,,CVE-2026-45736,,,Enygma,main,,,,,,,2026-05-19,,,,,,,,30,,"Resource may not have been properly initialized",,8.18.0,8.20.1
270020766,29668888,open_source,open,low,38,75,github.com/consensys/gnark-crypto,enygma_dvp/gnark_circuits/go.mod,,,GHSA-fj2x-735w-74vq,,,Enygma,main,,,,,,,2026-05-19,,,,,,,,30,,"Attacker can trigger DOS-attack",,v0.15.0,0.18.1
270020828,29668888,open_source,open,low,38,75,github.com/consensys/gnark-crypto,enygma_dvp/scripts/go.mod,,,GHSA-fj2x-735w-74vq,,,Enygma,main,,,,,,,2026-05-19,,,,,,,,15,,"Attacker can trigger DOS-attack",,v0.18.0,0.18.1
270020839,29668888,open_source,open,low,38,75,github.com/consensys/gnark-crypto,enygma_dvp/src/go.mod,,,GHSA-fj2x-735w-74vq,,,Enygma,main,,,,,,,2026-05-19,,,,,,,,15,,"Attacker can trigger DOS-attack",,v0.18.0,0.18.1
270020849,29668888,open_source,open,low,38,75,github.com/consensys/gnark-crypto,enygma_dvp/test/go.mod,,,GHSA-fj2x-735w-74vq,,,Enygma,main,,,,,,,2026-05-19,,,,,,,,15,,"Attacker can trigger DOS-attack",,v0.18.0,0.18.1
270021156,29668888,open_source,open,low,38,75,github.com/consensys/gnark-crypto,enygma_payments/gnark-server/go.mod,,,GHSA-fj2x-735w-74vq,,,Enygma,main,,,,,,,2026-05-19,,,,,,,,30,,"Attacker can trigger DOS-attack",,v0.17.0,0.18.1
270021168,29668888,open_source,open,low,38,75,github.com/consensys/gnark-crypto,enygma_payments/go_client/go.mod,,,GHSA-fj2x-735w-74vq,,,Enygma,main,,,,,,,2026-05-19,,,,,,,,30,,"Attacker can trigger DOS-attack",,v0.12.1,0.18.1
270021404,29668888,open_source,open,low,38,75,github.com/consensys/gnark-crypto,enygma_retail_payments/gnark_circuits/go.mod,,,GHSA-fj2x-735w-74vq,,,Enygma,main,,,,,,,2026-05-19,,,,,,,,30,,"Attacker can trigger DOS-attack",,v0.15.0,0.18.1
270021411,29668888,open_source,open,low,38,75,github.com/consensys/gnark-crypto,enygma_retail_payments/scripts/go.mod,,,GHSA-fj2x-735w-74vq,,,Enygma,main,,,,,,,2026-05-19,,,,,,,,15,,"Attacker can trigger DOS-attack",,v0.18.0,0.18.1
270021419,29668888,open_source,open,low,38,75,github.com/consensys/gnark-crypto,enygma_retail_payments/test/go.mod,,,GHSA-fj2x-735w-74vq,,,Enygma,main,,,,,,,2026-05-19,,,,,,,,15,,"Attacker can trigger DOS-attack",,v0.18.0,0.18.1
270020968,29668947,open_source,open,low,38,75,cbor2,enygma_payments/run_scripts/requirements.txt,,,AIKIDO-2025-10756,CVE-2025-64076,,Enygma,main,,,,,,,2026-05-19,,,,,,,,30,,"Attacker can trigger DOS-attack",,5.6.5,5.7.1
270020933,29668940,open_source,open,low,37,37,cookie,enygma_payments/contracts/enygma/package-lock.json,,,CVE-2024-47764,,,Enygma,main,,,,,,,2026-05-19,,,,,,,,30,,"Attacker can inject extra unwanted content or code",,0.4.2,0.7.0
270021295,29668986,sast,open,low,35,75,,enygma_dvp/scripts/initCircuits.go,,,,,"Possible command injection via shell script",Enygma,main,,,,,,,2026-05-19,,,,,,137,137,60,,,,,
270021296,29668986,sast,open,low,35,75,,enygma_dvp/scripts/initCircuits.go,,,,,"Possible command injection via shell script",Enygma,main,,,,,,,2026-05-19,,,,,,146,146,60,,,,,
270021344,29668990,open_source,open,low,33,33,pygments,enygma_payments/run_scripts/requirements.txt,,,CVE-2026-4539,,,Enygma,main,,,,,,,2026-05-19,,,,,,,,30,,"Attacker can trigger DOS-attack",,2.19.1,2.20.0
270020983,29668949,open_source,open,low,30,30,ckzg,enygma_payments/run_scripts/requirements.txt,,,AIKIDO-2025-10669,,,Enygma,main,,,,,,,2026-05-19,,,,,,,,15,,"Attacker can abuse inadequate encryption strength",,2.1.1,2.1.5
270021215,29668982,open_source,open,low,30,30,vyper,enygma_payments/run_scripts/requirements.txt,,,AIKIDO-2025-10348,,,Enygma,main,,,,,,,2026-05-19,,,,,,,,15,,,,0.4.1,0.4.2
270021380,29668982,open_source,open,low,29,29,vyper,enygma_payments/run_scripts/requirements.txt,,,CVE-2025-47285,,,Enygma,main,,,,,,,2026-05-19,,,,,,,,0,,,,0.4.1,
270021389,29668999,leaked_secret,open,low,27,80,,enygma_retail_payments/test/helpers_test.go,,,,,generic-api-key,Enygma,main,,,,,,,2026-05-19,,,,,,27,27,60,,,unknown,,
270021390,29668999,leaked_secret,open,low,27,80,,enygma_retail_payments/test/helpers_test.go,,,,,generic-api-key,Enygma,main,,,,,,,2026-05-19,,,,,,31,31,60,,,unknown,,
270021392,29668999,leaked_secret,open,low,20,80,,enygma_dvp/test/04_v2_erc20_onchain_test.go,,,,,generic-api-key,Enygma,main,,,,,,,2026-05-19,,,,,,40,40,60,,,unknown,,
270021391,29669000,leaked_secret,open,low,27,80,,enygma_dvp/test/helpers_test.go,,,,,generic-api-key,Enygma,main,,,,,,,2026-05-19,,,,,,28,28,60,,,unknown,,
